new menu,bench marks,,,
TMB/PBM/DCBM'S ,Bench marks.dwg,bench marks.pdf,PBM.xls,
new menu,hydraulic,,,
SRMC HPS,SRMC HPS.dwg,SRMC HPS.pdf,SRMC HPS.xlsx,SRMC HPS.docx
SRMC HPS,1.dwg,1.pdf,,
new menu,structures,,,
Potthireddypadu Head Regulator,,,0.000.jpg,0.000.xlsx
SP cum SLRB@ km 10.490,,,10.490 (1).jpg,10.490.xlsx
SP cum SLRB@ km 10.490,,,10.490(2).jpg,
SP cum SLRB@ km 12.265,,,12.265(1).jpg,12.265.xlsx
SP cum SLRB@ km 12.265,,,12.265 (2).jpg,
SP cum SLRB@ km 12.265,,,12.265 (3).jpg,
SP cum SLRB@ km 12.265,,,12.265 (4).jpg,
BLD cum through aquduct@ km14.120 ,,,14.120 (1).jpg,14.120.xlsx
BLD cum through aquduct@ km14.120 ,,,14.120 (2).jpg,
BLD cum through aquduct@ km14.120 ,,,14.120 (3).jpg,
SP cum SLRB@ km 16.245,,,16.245 (1).jpg,16.245.xlsx
SP cum SLRB@ km 16.245,,,16.245 (2).jpg,
SP cum SLRB@ km 16.245,,,16.245 (3).jpg,
new menu,kmwise,,,
FROM KM  0.000 TO KM  1.000,FROM KM  0.000 TO KM  1.000.dwg,FROM KM  0.000 TO KM  1.000.pdf,,
FROM KM  1.000 TO KM  2.000,FROM KM  1.000 TO KM  2.000.dwg,FROM KM  1.000 TO KM  2.000.pdf,,
FROM KM  2.000 TO KM  3.000,FROM KM  2.000 TO KM  3.000.dwg,FROM KM  2.000 TO KM  3.000.pdf,,
FROM KM  3.000 TO KM  4.000,FROM KM  3.000 TO KM  4.000.dwg,FROM KM  3.000 TO KM  4.000.pdf,,
FROM KM  4.000 TO KM  5.000,FROM KM  4.000 TO KM  5.000.dwg,FROM KM  4.000 TO KM  5.000.pdf,,
FROM KM  5.000 TO KM  6.000,FROM KM  5.000 TO KM  6.000.dwg,FROM KM  5.000 TO KM  6.000.pdf,,
FROM KM  6.000 TO KM  7.000,FROM KM  6.000 TO KM  7.000.dwg,FROM KM  6.000 TO KM  7.000.pdf,,
FROM KM  7.000 TO KM  8.000,FROM KM  7.000 TO KM  8.000.dwg,FROM KM  7.000 TO KM  8.000.pdf,,
FROM KM  8.000 TO KM  9.000,FROM KM  8.000 TO KM  9.000.dwg,FROM KM  8.000 TO KM  9.000.pdf,,
FROM KM  9.000 TO KM  10.000,FROM KM  9.000 TO KM  10.000.dwg,FROM KM  9.000 TO KM  10.000.pdf,,
FROM KM  10.000 TO KM  11.000,FROM KM  10.000 TO KM  11.000.dwg,FROM KM  10.000 TO KM  11.000.pdf,,
FROM KM  11.000 TO KM  12.000,FROM KM  11.000 TO KM  12.000.dwg,FROM KM  11.000 TO KM  12.000.pdf,,
FROM KM  12.000 TO KM  13.000,FROM KM  12.000 TO KM  13.000.dwg,FROM KM  12.000 TO KM  13.000.pdf,,
FROM KM  13.000 TO KM  14.000,FROM KM  13.000 TO KM  14.000.dwg,FROM KM  13.000 TO KM  14.000.pdf,,
FROM KM  14.000 TO KM  15.000,FROM KM  14.000 TO KM  15.000.dwg,FROM KM  14.000 TO KM  15.000.pdf,,
FROM KM  15.000 TO KM  16.000,FROM KM  15.000 TO KM  16.000.dwg,FROM KM  15.000 TO KM  16.000.pdf,,
FROM KM  16.000 TO KM  17.130,FROM KM  16.000 TO KM  17.130.dwg,FROM KM  16.000 TO KM  17.130.pdf,,
new menu,village maps,,,
Thummaluru,Thummaluru.dwg,Thummaluru.pdf,,
Jutur ,Jutur .dwg,Jutur .pdf,,
Chelimilla,Chelimilla.dwg,Chelimilla.pdf,,
Pamulapadu,Pamulapadu.dwg,Pamulapadu.pdf,,
Kambalapalli,kambalapalli.dwg,kambalapalli.pdf,,
Bhanumukala,Bhanumukala.dwg,Bhanumukala.pdf,,
Thummaluru,Thummaluru.dwg,Thummaluru.pdf,,
new menu,village,,,
THUMMALUR,THUMMALUR-ALLIGNMENT.dwg,TUMMALURU.pdf,,
JUTUR,JUTUR-ALLIGNMENT.dwg,JUTURU.pdf,,
CHELIMELLA,CHELIMELLA-ALLIGNMENT.dwg,CHELIMALLA.pdf,,
PAMULAPADU,PAMULAPADU-ALLIGNMENT.dwg,PAMULAPADU.pdf,,
KAMBALAPALLE,KAMBALAPALLE-ALLIGNMENT.dwg,KAMBALAPALLI.pdf,,
BHANUMUKALA,BHANUMUKALA-ALLIGNMENT.dwg,BHANUMUKALA.pdf,,
new menu,custom menu,,,
Base Cum Site Map,,Auto cad MAP,SRMC Base cum Site Map.dwg,
Base Cum Site Map,,PDF Image,SRMC Base cum Site Map.pdf,
Site Map,,Site Map,sitemap.dwg,
Site Map,,Site Map PDF Copy,sitemap.pdf,
Alignement of Mandal Map,,Auto cad MAP,MANDAL MAP ( 82.500 TO 112.000).dwg,
Alignement of Mandal Map,,PDF Image,MANDAL MAP ( 82.500 TO 112.000)-Model.pdf,
